cveid,year,hash,desc,link,publishedDate
5,2011,867c20265459d30a01b021a9c1e81fb4c5832aa9,"The ima_lsm_rule_init function in security/integrity/ima/ima_policy.c in the Linux kernel before 2.6.37, when the Linux Security Modules (LSM) framework is disabled, allows local users to bypass Integrity Measurement Architecture (IMA) rules in opportunistic circumstances by leveraging an administrator's addition of an IMA rule for LSM.",http://github.com/torvalds/linux/commit/867c20265459d30a01b021a9c1e81fb4c5832aa9,2012-06-21T23:55Z
403,2011,23c8d21c75242999e29379e6ca8418a14c8725c6,Code injection in openSUSE when running some source services used in the open build service 2.1 before March 11 2011.,http://github.com/openSUSE/open-build-service/commit/23c8d21c75242999e29379e6ca8418a14c8725c6,2017-08-17T16:29Z
403,2011,76b0ab003f34435ca90d943e02dd22279cdeec2a,Code injection in openSUSE when running some source services used in the open build service 2.1 before March 11 2011.,http://github.com/openSUSE/open-build-service/commit/76b0ab003f34435ca90d943e02dd22279cdeec2a,2017-08-17T16:29Z
462,2011,3ef52043861ab16352d49af89e048ba6339d6df8,Buffer overflow in the mainloop function in nbd-server.c in the server in Network Block Device (nbd) before 2.9.20 might allow remote attackers to execute arbitrary code via a long request.  NOTE: this issue exists because of a CVE-2005-3534 regression.,http://github.com/yoe/nbd/commit/3ef52043861ab16352d49af89e048ba6339d6df8,2011-02-22T19:00Z
636,2011,6b0d6a9b4296fa16a28d10d416db7a770fc03287,"The br_multicast_add_group function in net/bridge/br_multicast.c in the Linux kernel before 2.6.38, when a certain Ethernet bridge configuration is used, allows local users to cause a denial of service (memory corruption and system crash) by sending IGMP packets to a local interface.",http://github.com/torvalds/linux/commit/6b0d6a9b4296fa16a28d10d416db7a770fc03287,2012-06-21T23:55Z
680,2011,f228601de45c5b53241b103af6616453c50885a5,"The random number generator in the Crypto application before 2.0.2.2, and SSH before 2.0.5, as used in the Erlang/OTP ssh library before R14B03, uses predictable seeds based on the current time, which makes it easier for remote attackers to guess DSA host and SSH session keys.",http://github.com/erlang/otp/commit/f228601de45c5b53241b103af6616453c50885a5,2011-05-31T20:55Z
865,2011,035c8587c0d8d307e45f1b7171a0d337bb451f1e,"The RuntimeHelpers.InitializeArray method in metadata/icall.c in Mono, when Moonlight 2.x before 2.4.1 or 3.x before 3.99.3 is used, does not properly restrict data types, which allows remote attackers to modify internal read-only data structures, and cause a denial of service (plugin crash) or corrupt the internal state of the security manager, via a crafted media file, as demonstrated by modifying a C# struct.",http://github.com/mono/mono/commit/035c8587c0d8d307e45f1b7171a0d337bb451f1e,2011-04-13T21:55Z
866,2011,2f00e4bbb2137130845afb1b2a1e678552fc8e5c,"Race condition in the FastCopy optimization in the Array.Copy method in metadata/icall.c in Mono, when Moonlight 2.x before 2.4.1 or 3.x before 3.99.3 is used, allows remote attackers to trigger a buffer overflow and modify internal data structures, and cause a denial of service (plugin crash) or corrupt the internal state of the security manager, via a crafted media file in which a thread makes a change after a type check but before a copy action.",http://github.com/mono/mono/commit/2f00e4bbb2137130845afb1b2a1e678552fc8e5c,2011-04-13T21:55Z
867,2011,3f8ee42b8c867d9a4c18c22657840d072cca5c3a,"Use-after-free vulnerability in Mono, when Moonlight 2.x before 2.4.1 or 3.x before 3.99.3 is used, allows remote attackers to cause a denial of service or possibly have unspecified other impact via vectors related to finalizing and then resurrecting a DynamicMethod instance.",http://github.com/mono/mono/commit/3f8ee42b8c867d9a4c18c22657840d072cca5c3a,2011-04-13T21:55Z
867,2011,89d1455a80ef13cddee5d79ec00c06055da3085c,"Use-after-free vulnerability in Mono, when Moonlight 2.x before 2.4.1 or 3.x before 3.99.3 is used, allows remote attackers to cause a denial of service or possibly have unspecified other impact via vectors related to finalizing and then resurrecting a DynamicMethod instance.",http://github.com/mono/mono/commit/89d1455a80ef13cddee5d79ec00c06055da3085c,2011-04-13T21:55Z
867,2011,8eb1189099e02372fd45ca1c67230eccf1edddc0,"Use-after-free vulnerability in Mono, when Moonlight 2.x before 2.4.1 or 3.x before 3.99.3 is used, allows remote attackers to cause a denial of service or possibly have unspecified other impact via vectors related to finalizing and then resurrecting a DynamicMethod instance.",http://github.com/mono/mono/commit/8eb1189099e02372fd45ca1c67230eccf1edddc0,2011-04-13T21:55Z
868,2011,722f9890f09aadfc37ae479e7d946d5fc5ef7b91,"Use-after-free vulnerability in Mono, when Moonlight 2.x before 2.4.1 or 3.x before 3.99.3 is used, allows remote attackers to cause a denial of service (plugin crash) or obtain sensitive information via vectors related to member data in a resurrected MonoThread instance.",http://github.com/mono/mono/commit/722f9890f09aadfc37ae479e7d946d5fc5ef7b91,2011-04-13T21:55Z
882,2011,057552287159e801535e59b8fbd5bd98d1322069,"Best Practical Solutions RT before 3.8.9 does not perform certain redirect actions upon a login, which allows physically proximate attackers to obtain credentials by resubmitting the login form via the back button of a web browser on an unattended workstation after an RT logout.",http://github.com/bestpractical/rt/commit/057552287159e801535e59b8fbd5bd98d1322069,2011-02-28T16:00Z
882,2011,917c211820590950f7eb0521f7f43b31aeed44c4,"Best Practical Solutions RT before 3.8.9 does not perform certain redirect actions upon a login, which allows physically proximate attackers to obtain credentials by resubmitting the login form via the back button of a web browser on an unattended workstation after an RT logout.",http://github.com/bestpractical/rt/commit/917c211820590950f7eb0521f7f43b31aeed44c4,2011-02-28T16:00Z
883,2011,2338cd19ed7a7f4c1e94f639ab2789d6586d01f3,"Scrips_Overlay.pm in Best Practical Solutions RT before 3.8.9 does not properly restrict access to a TicketObj in a Scrip after a CurrentUser change, which allows remote authenticated users to obtain sensitive information via unspecified vectors, as demonstrated by custom-field value information, related to SQL logging.",http://github.com/bestpractical/rt/commit/2338cd19ed7a7f4c1e94f639ab2789d6586d01f3,2011-02-28T16:00Z
893,2011,8909c9ad8ff03611c9c96c9a92656213e4bb495b,The dev_load function in net/core/dev.c in the Linux kernel before 2.6.38 allows local users to bypass an intended CAP_SYS_MODULE capability requirement and load arbitrary modules by leveraging the CAP_NET_ADMIN capability.,http://github.com/torvalds/linux/commit/8909c9ad8ff03611c9c96c9a92656213e4bb495b,2013-03-01T12:37Z
895,2011,526b4af47f44148c9d665e57723ed9f86634c6e3,drivers/acpi/debugfs.c in the Linux kernel before 3.0 allows local users to modify arbitrary kernel memory locations by leveraging root privileges to write to the /sys/kernel/debug/acpi/custom_method file. NOTE: this vulnerability exists because of an incomplete fix for CVE-2010-4347.,http://github.com/torvalds/linux/commit/526b4af47f44148c9d665e57723ed9f86634c6e3,2012-06-21T23:55Z
897,2011,6094628bfd94323fc1cea05ec2c6affd98c18f7f,"The Reliable Datagram Sockets (RDS) subsystem in the Linux kernel before 2.6.38 does not properly handle congestion map updates, which allows local users to cause a denial of service (BUG_ON and system crash) via vectors involving (1) a loopback (aka loop) transmit operation or (2) an InfiniBand (aka ib) transmit operation.",http://github.com/torvalds/linux/commit/6094628bfd94323fc1cea05ec2c6affd98c18f7f,2012-06-21T23:55Z
943,2011,c4c896e1471aec3b004a693c689f60be3b17ac86,"The sco_sock_getsockopt_old function in net/bluetooth/sco.c in the Linux kernel before 2.6.39 does not initialize a certain structure, which allows local users to obtain potentially sensitive information from kernel stack memory via the SCO_CONNINFO option.",http://github.com/torvalds/linux/commit/c4c896e1471aec3b004a693c689f60be3b17ac86,2012-06-21T23:55Z
944,2011,43629f8f5ea32a998d06d1bb41eefa0e821ff573,"The bnep_sock_ioctl function in net/bluetooth/bnep/sock.c in the Linux kernel before 2.6.39 does not ensure that a certain device field ends with a '\0' character, which allows local users to obtain potentially sensitive information from kernel stack memory, or cause a denial of service (BUG and system crash), via a BNEPCONNADD command.",http://github.com/torvalds/linux/commit/43629f8f5ea32a998d06d1bb41eefa0e821ff573,2012-06-21T23:55Z
945,2011,d846f71195d57b0bbb143382647c2c6638b04c5a,"The do_replace function in net/bridge/netfilter/ebtables.c in the Linux kernel before 2.6.39 does not ensure that a certain name field ends with a '\0' character, which allows local users to obtain potentially sensitive information from kernel stack memory by leveraging the CAP_NET_ADMIN capability to replace a table, and then reading a modprobe command line.",http://github.com/torvalds/linux/commit/d846f71195d57b0bbb143382647c2c6638b04c5a,2012-06-21T23:55Z
1015,2011,1309d7afbed112f0e8e90be9af975550caa0076b,"The tpm_open function in drivers/char/tpm/tpm.c in the Linux kernel before 2.6.39 does not initialize a certain buffer, which allows local users to obtain potentially sensitive information from kernel memory via unspecified vectors.",http://github.com/torvalds/linux/commit/1309d7afbed112f0e8e90be9af975550caa0076b,2012-06-21T23:55Z
1034,2011,d370af0ef7951188daeb15bae75db7ba57c67846,Multiple stack-based buffer overflows in the iriap_getvaluebyclass_indication function in net/irda/iriap.c in the Linux kernel before 2.6.39 allow remote attackers to cause a denial of service (memory corruption) or possibly have unspecified other impact by leveraging connectivity to an IrDA infrared network and sending a large integer value for a (1) name length or (2) attribute length.,http://github.com/torvalds/linux/commit/d370af0ef7951188daeb15bae75db7ba57c67846,2013-06-08T13:05Z
1036,2011,da48524eb20662618854bb3df2db01fc65f3070c,kernel/signal.c in the Linux kernel before 2.6.39 allows local users to spoof the uid and pid of a signal sender via a sigqueueinfo system call.,http://github.com/torvalds/linux/commit/da48524eb20662618854bb3df2db01fc65f3070c,2013-03-01T12:37Z
1298,2011,b769f49463711205d57286e64cf535ed4daf59e9,Integer underflow in the Open Sound System (OSS) subsystem in the Linux kernel before 2.6.39 on unspecified non-x86 platforms allows local users to cause a denial of service (memory corruption) by leveraging write access to /dev/sequencer.,http://github.com/torvalds/linux/commit/b769f49463711205d57286e64cf535ed4daf59e9,2012-06-21T23:55Z
1299,2011,4d00135a680727f6c3be78f8befaac009030e4df,Multiple array index errors in sound/oss/opl3.c in the Linux kernel before 2.6.39 allow local users to cause a denial of service (heap memory corruption) or possibly gain privileges by leveraging write access to /dev/sequencer.,http://github.com/torvalds/linux/commit/4d00135a680727f6c3be78f8befaac009030e4df,2012-06-21T23:55Z
1301,2011,d0de4dc584ec6aa3b26fffea320a8457827768fc,Double free vulnerability in the inotify subsystem in the Linux kernel before 2.6.39 allows local users to cause a denial of service (system crash) via vectors involving failed attempts to create files.  NOTE: this vulnerability exists because of an incorrect fix for CVE-2010-4250.,http://github.com/torvalds/linux/commit/d0de4dc584ec6aa3b26fffea320a8457827768fc,2012-06-21T23:55Z
1312,2011,be20250c13f88375345ad99950190685eda51eb8,"Array index error in the rose_parse_national function in net/rose/rose_subr.c in the Linux kernel before 2.6.39 allows remote attackers to cause a denial of service (heap memory corruption) or possibly have unspecified other impact by composing FAC_NATIONAL_DIGIS data that specifies a large number of digipeaters, and then sending this data to a ROSE socket.",http://github.com/torvalds/linux/commit/be20250c13f88375345ad99950190685eda51eb8,2012-06-21T23:55Z
1389,2011,4ce00aef84d1ff7c35f7adbbb99a6241cfda00cc,Directory traversal vulnerability in the Admin Defined Commands (ADC) feature in gitolite before 1.5.9.1 allows remote attackers to execute arbitrary commands via .. (dot dot) sequences in admin-defined commands.,http://github.com/sitaramc/gitolite/commit/4ce00aef84d1ff7c35f7adbbb99a6241cfda00cc,2011-10-04T10:55Z
1392,2011,65c4d4ad331e94661de763e9b5304d28698999c4,"The STARTTLS implementation in ftp_parser.c in Pure-FTPd before 1.0.30 does not properly restrict I/O buffering, which allows man-in-the-middle attackers to insert commands into encrypted FTP sessions by sending a cleartext command that is processed after TLS is in place, related to a ""plaintext command injection"" attack, a similar issue to CVE-2011-0411.",http://github.com/jedisct1/pure-ftpd/commit/65c4d4ad331e94661de763e9b5304d28698999c4,2011-05-23T22:55Z
1402,2011,4ff67b720c02c36e54d55b88c2931879b7db1cd2,"The cifs_find_smb_ses function in fs/cifs/connect.c in the Linux kernel before 2.6.36 does not properly determine the associations between users and sessions, which allows local users to bypass CIFS share authentication by leveraging a mount of a share by a different user.",http://github.com/torvalds/linux/commit/4ff67b720c02c36e54d55b88c2931879b7db1cd2,2013-06-08T13:05Z
1405,2011,b09854988c5b5b6a2ba53cc8661c4b2677da3818,Directory traversal vulnerability in Path.pm in Mojolicious before 1.16 allows remote attackers to read arbitrary files via a %2f..%2f (encoded slash dot dot slash) in a URI.,http://github.com/kraih/mojo/commit/b09854988c5b5b6a2ba53cc8661c4b2677da3818,2011-04-29T22:55Z
1534,2011,0f22072ab50cac7983f9660d33974b45184da4f9,"Integer overflow in the sys_oabi_semtimedop function in arch/arm/kernel/sys_oabi-compat.c in the Linux kernel before 2.6.39 on the ARM platform, when CONFIG_OABI_COMPAT is enabled, allows local users to gain privileges or cause a denial of service (heap memory corruption) by providing a crafted argument and leveraging a race condition.",http://github.com/torvalds/linux/commit/0f22072ab50cac7983f9660d33974b45184da4f9,2012-06-13T10:24Z
1541,2011,c2892f02712e9516d72841d5c019ed6916329794,"net/ipv4/ip_gre.c in the Linux kernel before 2.6.34, when ip_gre is configured as a module, allows remote attackers to cause a denial of service (OOPS) by sending a packet during module loading.",http://github.com/torvalds/linux/commit/c2892f02712e9516d72841d5c019ed6916329794,2012-06-13T10:24Z
1542,2011,d5aa407f59f5b83d2c50ec88f5bf56d40f1f8978,"The tunnels implementation in the Linux kernel before 2.6.34, when tunnel functionality is configured as a module, allows remote attackers to cause a denial of service (OOPS) by sending a packet during module loading.",http://github.com/torvalds/linux/commit/d5aa407f59f5b83d2c50ec88f5bf56d40f1f8978,2012-06-13T10:24Z
1601,2011,764355487ea220fdc2faf128d577d7f679b91f97,Race condition in the ecryptfs_mount function in fs/ecryptfs/main.c in the eCryptfs subsystem in the Linux kernel before 3.1 allows local users to bypass intended file permissions via a mount.ecryptfs_private mount with a mismatched uid.,http://github.com/torvalds/linux/commit/764355487ea220fdc2faf128d577d7f679b91f97,2012-10-03T11:02Z
1691,2011,64f3b9e203bd06855072e295557dca1485a2ecba,"The ip_expire function in net/ipv4/ip_fragment.c in the Linux kernel before 2.6.39 does not properly construct ICMP_TIME_EXCEEDED packets after a timeout, which allows remote attackers to cause a denial of service (invalid pointer dereference) via crafted fragmented packets.",http://github.com/torvalds/linux/commit/64f3b9e203bd06855072e295557dca1485a2ecba,2012-06-13T10:24Z
1698,2011,46e3d3ad195dcdc1af1795c96b6e0dc778fb6881,"Cross-site scripting (XSS) vulnerability in Webmin 1.540 and earlier allows local users to inject arbitrary web script or HTML via a chfn command that changes the real (aka Full Name) field, related to useradmin/index.cgi and useradmin/user-lib.pl.",http://github.com/webmin/webmin/commit/46e3d3ad195dcdc1af1795c96b6e0dc778fb6881,2011-05-31T20:55Z
1878,2011,8312e3fc9041027a33c8bc667bb99740fdf41dd5,"The ape_read_header function in ape.c in libavformat in FFmpeg before 0.5.4, as used in MPlayer, VideoLAN VLC media player, and other products, allows remote attackers to cause a denial of service (application crash) via an APE (aka Monkey's Audio) file that contains a header but no frames.",http://github.com/FFmpeg/FFmpeg/commit/8312e3fc9041027a33c8bc667bb99740fdf41dd5,2011-05-20T22:55Z
1898,2011,cae13fe4cc3f24820ffb990c09110626837e85d4,"The ldm_frag_add function in fs/partitions/ldm.c in the Linux kernel before 2.6.39.1 does not properly handle memory allocation for non-initial fragments, which might allow local users to conduct buffer overflow attacks, and gain privileges or obtain sensitive information, via a crafted LDM partition table.  NOTE: this vulnerability exists because of an incomplete fix for CVE-2011-1017.",http://github.com/torvalds/linux/commit/cae13fe4cc3f24820ffb990c09110626837e85d4,2012-06-13T10:24Z
1899,2011,2b472611a32a72f4a118c069c2d62a1a3f087afd,"Race condition in the scan_get_next_rmap_item function in mm/ksm.c in the Linux kernel before 2.6.39.3, when Kernel SamePage Merging (KSM) is enabled, allows local users to cause a denial of service (NULL pointer dereference) or possibly have unspecified other impact via a crafted application.",http://github.com/torvalds/linux/commit/2b472611a32a72f4a118c069c2d62a1a3f087afd,2012-06-13T10:24Z
1919,2011,b41d6dc247a175fe8e092d6ec2c460826fa62992,"XMLParser.pm in DJabberd before 0.85 allows remote authenticated users to read arbitrary files, and possibly send HTTP requests to intranet servers or cause a denial of service (CPU and memory consumption), via an XML external entity declaration in conjunction with an entity reference, a different vulnerability than CVE-2011-1757.",http://github.com/djabberd/DJabberd/commit/b41d6dc247a175fe8e092d6ec2c460826fa62992,2011-06-22T22:55Z
1920,2011,21c5977a836e399fc710ff2c5367845ed5c2527f,Integer signedness error in the osf_getdomainname function in arch/alpha/kernel/osf_sys.c in the Linux kernel before 2.6.39.4 on the Alpha platform allows local users to obtain sensitive information from kernel memory via a crafted call.,http://github.com/torvalds/linux/commit/21c5977a836e399fc710ff2c5367845ed5c2527f,2012-06-13T10:24Z
1921,2011,21c5977a836e399fc710ff2c5367845ed5c2527f,Integer signedness error in the osf_sysinfo function in arch/alpha/kernel/osf_sys.c in the Linux kernel before 2.6.39.4 on the Alpha platform allows local users to obtain sensitive information from kernel memory via a crafted call.,http://github.com/torvalds/linux/commit/21c5977a836e399fc710ff2c5367845ed5c2527f,2012-06-13T10:24Z
1922,2011,21c5977a836e399fc710ff2c5367845ed5c2527f,"The osf_getsysinfo function in arch/alpha/kernel/osf_sys.c in the Linux kernel before 2.6.39.4 on the Alpha platform does not properly restrict the data size for GSI_GET_HWRPB operations, which allows local users to obtain sensitive information from kernel memory via a crafted call.",http://github.com/torvalds/linux/commit/21c5977a836e399fc710ff2c5367845ed5c2527f,2012-06-13T10:24Z
1923,2011,21c5977a836e399fc710ff2c5367845ed5c2527f,"The osf_wait4 function in arch/alpha/kernel/osf_sys.c in the Linux kernel before 2.6.39.4 on the Alpha platform uses an incorrect pointer, which allows local users to gain privileges by writing a certain integer value to kernel memory.",http://github.com/torvalds/linux/commit/21c5977a836e399fc710ff2c5367845ed5c2527f,2012-06-13T10:24Z
2171,2011,78f11a255749d09025f54d4e2df4fbcb031530e2,"The Linux kernel before 2.6.39 does not properly create transparent huge pages in response to a MAP_PRIVATE mmap system call on /dev/zero, which allows local users to cause a denial of service (system crash) via a crafted application.",http://github.com/torvalds/linux/commit/78f11a255749d09025f54d4e2df4fbcb031530e2,2013-03-01T12:37Z
2173,2011,ea2bc483ff5caada7c4aa0d5fbf87d3a6590273d,"A certain Red Hat patch to the sctp_sock_migrate function in net/sctp/socket.c in the Linux kernel before 2.6.21, as used in Red Hat Enterprise Linux (RHEL) 5, allows remote attackers to cause a denial of service (NULL pointer dereference and OOPS) via a crafted SCTP packet.",http://github.com/torvalds/linux/commit/ea2bc483ff5caada7c4aa0d5fbf87d3a6590273d,2013-06-08T13:05Z
2177,2011,7e4ab8e1189846041f955e6c83f72bc1624e7a98,"nspluginwrapper before 1.4.4 does not properly provide access to NPNVprivateModeBool variable settings, which could prevent Firefox plugins from determining if they should run in Private Browsing mode and allow remote attackers to bypass intended access restrictions, as demonstrated using Flash.",http://github.com/davidben/nspluginwrapper/commit/7e4ab8e1189846041f955e6c83f72bc1624e7a98,2012-11-19T12:10Z
2181,2011,0b760113a3a155269a3fba93a409c640031dd68f,The Network Lock Manager (NLM) protocol implementation in the NFS client functionality in the Linux kernel before 3.0 allows local users to cause a denial of service (system hang) via a LOCK_UN flock system call.,http://github.com/torvalds/linux/commit/0b760113a3a155269a3fba93a409c640031dd68f,2013-03-01T12:37Z
2183,2011,0449641130f5652b344ef6fa39fa019d7e94660a,"The ext4_fill_super function in fs/ext4/super.c in the Linux kernel before 2.6.39 does not properly initialize a certain error-report data structure, which allows local users to cause a denial of service (OOPS) by attempting to mount a crafted ext4 filesystem.",http://github.com/torvalds/linux/commit/0449641130f5652b344ef6fa39fa019d7e94660a,2012-06-13T10:24Z
2184,2011,1a51410abe7d0ee4b1d112780f46df87d3621043,"kernel/taskstats.c in the Linux kernel before 3.1 allows local users to obtain sensitive I/O statistics by sending taskstats commands to a netlink socket, as demonstrated by discovering the length of another user's password.",http://github.com/torvalds/linux/commit/1a51410abe7d0ee4b1d112780f46df87d3621043,2012-06-13T10:24Z
2185,2011,1d1221f375c94ef961ba8574ac4f85c8870ddd51,"fs/proc/base.c in the Linux kernel before 2.6.39.4 does not properly restrict access to /proc/#####/io files, which allows local users to obtain sensitive I/O statistics by polling a file, as demonstrated by discovering the length of another user's password.",http://github.com/torvalds/linux/commit/1d1221f375c94ef961ba8574ac4f85c8870ddd51,2012-06-13T10:24Z
2186,2011,982134ba62618c2d69fbbbd166d0a11ee3b7e3d8,Integer overflow in the vma_to_resize function in mm/mremap.c in the Linux kernel before 2.6.39 allows local users to cause a denial of service (BUG_ON and system crash) via a crafted mremap system call that expands a memory mapping.,http://github.com/torvalds/linux/commit/982134ba62618c2d69fbbbd166d0a11ee3b7e3d8,2012-06-13T10:24Z
2204,2011,208c72f4fe44fe09577e7975ba0e7fa0278f3d03,Multiple buffer overflows in net/wireless/nl80211.c in the Linux kernel before 2.6.39.2 allow local users to gain privileges by leveraging the CAP_NET_ADMIN capability during scan operations with a long SSID value.,http://github.com/torvalds/linux/commit/208c72f4fe44fe09577e7975ba0e7fa0278f3d03,2012-05-24T23:55Z
2205,2011,4e78c724d47e2342aa8fde61f6b8536f662f795f,"The tomoyo_mount_acl function in security/tomoyo/mount.c in the Linux kernel before 2.6.39.2 calls the kern_path function with arguments taken directly from a mount system call, which allows local users to cause a denial of service (OOPS) or possibly have unspecified other impact via a NULL value for the device name.",http://github.com/torvalds/linux/commit/4e78c724d47e2342aa8fde61f6b8536f662f795f,2012-05-24T23:55Z
2208,2011,fc66c5210ec2539e800e87d7b3a985323c7be96e,"The x86_assign_hw_event function in arch/x86/kernel/cpu/perf_event.c in the Performance Events subsystem in the Linux kernel before 2.6.39 does not properly calculate counter values, which allows local users to cause a denial of service (panic) via the perf program.",http://github.com/torvalds/linux/commit/fc66c5210ec2539e800e87d7b3a985323c7be96e,2012-05-24T23:55Z
2350,2011,87c48fa3b4630905f98268dde838ee43626a060c,"The IPv6 implementation in the Linux kernel before 3.1 does not generate Fragment Identification values separately for each destination, which makes it easier for remote attackers to cause a denial of service (disrupted networking) by predicting these values and sending crafted packets.",http://github.com/torvalds/linux/commit/87c48fa3b4630905f98268dde838ee43626a060c,2012-05-24T23:55Z
2357,2011,0d0138ebe24b94065580bd2601f8bb7eb6152f56,"The ptrace_setxregs function in arch/xtensa/kernel/ptrace.c in the Linux kernel before 3.1 does not validate user-space pointers, which allows local users to obtain sensitive information from kernel memory locations via a crafted PTRACE_SETXTREGS request.",http://github.com/torvalds/linux/commit/0d0138ebe24b94065580bd2601f8bb7eb6152f56,2012-05-24T23:55Z
2411,2011,554e095a62c4412c91f981e72fd34a936ac2bf1e,pyro before 3.15 unsafely handles pid files in temporary directory locations and opening the pid file as root. An attacker can use this flaw to overwrite arbitrary files via symlinks.,http://github.com/irmen/Pyro3/commit/554e095a62c4412c91f981e72fd34a936ac2bf1e,2018-08-20T13:29Z
2535,2011,13fcb7bd322164c67926ffe272846d4860196dc6,"net/packet/af_packet.c in the Linux kernel before 2.6.39.3 does not properly restrict user-space access to certain packet data structures associated with VLAN Tag Control Information, which allows local users to obtain potentially sensitive information via a crafted application.",http://github.com/torvalds/linux/commit/13fcb7bd322164c67926ffe272846d4860196dc6,2012-05-24T23:55Z
2542,2011,aba8d056078e47350d85b06a9cabd5afcc4b72ea,"Untrusted search path vulnerability in the perf_config function in tools/perf/util/config.c in perf, as distributed in the Linux kernel before 3.1, allows local users to overwrite arbitrary files via a crafted config file in the current working directory.",http://github.com/torvalds/linux/commit/aba8d056078e47350d85b06a9cabd5afcc4b72ea,2013-03-01T12:37Z
2543,2011,b5b515445f4f5a905c5dd27e6e682868ccd6c09d,** DISPUTED ** Integer signedness error in the pmcraid_ioctl_passthrough function in drivers/scsi/pmcraid.c in the Linux kernel before 3.1 might allow local users to cause a denial of service (memory consumption or memory corruption) via a negative size value in an ioctl call.  NOTE: this may be a vulnerability only in unusual environments that provide a privileged program for obtaining the required file descriptor.,http://github.com/torvalds/linux/commit/b5b515445f4f5a905c5dd27e6e682868ccd6c09d,2012-05-24T23:55Z
2546,2011,819cbb120eaec7e014e5abd029260db1ca8c5735,The do_devinfo_ioctl function in drivers/staging/comedi/comedi_fops.c in the Linux kernel before 3.1 allows local users to obtain sensitive information from kernel memory via a copy of a short string.,http://github.com/torvalds/linux/commit/819cbb120eaec7e014e5abd029260db1ca8c5735,2014-02-15T14:57Z
2553,2011,a8b0ca17b80e92faab46ee7179ba9e99ccb61233,"The Performance Events subsystem in the Linux kernel before 3.1 does not properly handle event overflows associated with PERF_COUNT_SW_CPU_CLOCK events, which allows local users to cause a denial of service (system hang) via a crafted application.",http://github.com/torvalds/linux/commit/a8b0ca17b80e92faab46ee7179ba9e99ccb61233,2012-05-24T23:55Z
2559,2011,5f94b93279f6d0682fafb237c301302c107a9552,"The template selection functionality in actionpack/lib/action_view/template/resolver.rb in Ruby on Rails 3.0.x before 3.0.10 and 3.1.x before 3.1.0.rc6 does not properly handle glob characters, which allows remote attackers to render arbitrary views via a crafted URL, related to a ""filter skipping vulnerability.""",http://github.com/rails/rails/commit/5f94b93279f6d0682fafb237c301302c107a9552,2011-08-29T18:55Z
2560,2011,8a39f411dc3c806422785b1f4d5c7c9d58e4bf85,"Multiple SQL injection vulnerabilities in the quote_table_name method in the ActiveRecord adapters in activerecord/lib/active_record/connection_adapters/ in Ruby on Rails before 2.3.13, 3.0.x before 3.0.10, and 3.1.x before 3.1.0.rc5 allow remote attackers to execute arbitrary SQL commands via a crafted column name.",http://github.com/rails/rails/commit/8a39f411dc3c806422785b1f4d5c7c9d58e4bf85,2011-08-29T18:55Z
2561,2011,586a944ddd4d03e66dea1093306147594748037a,"Cross-site scripting (XSS) vulnerability in the strip_tags helper in actionpack/lib/action_controller/vendor/html-scanner/html/node.rb in Ruby on Rails before 2.3.13, 3.0.x before 3.0.10, and 3.1.x before 3.1.0.rc5 allows remote attackers to inject arbitrary web script or HTML via a tag with an invalid name.",http://github.com/rails/rails/commit/586a944ddd4d03e66dea1093306147594748037a,2011-08-29T18:55Z
2562,2011,bfc432574d0b141fd7fe759edfe9b6771dd306bd,"Cross-site scripting (XSS) vulnerability in activesupport/lib/active_support/core_ext/string/output_safety.rb in Ruby on Rails 2.x before 2.3.13, 3.0.x before 3.0.10, and 3.1.x before 3.1.0.rc5 allows remote attackers to inject arbitrary web script or HTML via a malformed Unicode string, related to a ""UTF-8 escaping vulnerability.""",http://github.com/rails/rails/commit/bfc432574d0b141fd7fe759edfe9b6771dd306bd,2011-08-29T18:55Z
2564,2011,317f3db3a3c68775de3acf3b15f55b1e3c18f93b,"Multiple cross-site scripting (XSS) vulnerabilities in filter_api.php in MantisBT before 1.2.7 allow remote attackers to inject arbitrary web script or HTML via a parameter, as demonstrated by the project_id parameter to search.php.",http://github.com/mantisbt/mantisbt/commit/317f3db3a3c68775de3acf3b15f55b1e3c18f93b,2011-09-21T16:55Z
2797,2011,7fe2e3df308b8b6a901cb2cfd60f398df53219de,"The YaST2 network created files with world readable permissions which could have allowed local users to read sensitive material out of network configuration files, like passwords for wireless networks.",http://github.com/yast/yast-core/commit/7fe2e3df308b8b6a901cb2cfd60f398df53219de,2017-09-08T18:29Z
2798,2011,cbfe2ed36dd77c0843702935dea7f914bb599201,In the web ui of the openbuildservice before 2.3.0 a code injection of the project rebuildtimes statistics could be used by authorized attackers to execute shellcode.,http://github.com/openSUSE/open-build-service/commit/cbfe2ed36dd77c0843702935dea7f914bb599201,2018-03-20T18:29Z
2800,2011,f0f74b3f6ac6d47f7919aa9db380c0ad41ffe55f,"kiwi before 4.98.08, as used in SUSE Studio Onsite 1.2 before 1.2.1 and SUSE Studio Extension for System z 1.2 before 1.2.1, allows attackers to execute arbitrary commands via shell metacharacters in the path of an overlay file, related to chown.",http://github.com/openSUSE/kiwi/commit/f0f74b3f6ac6d47f7919aa9db380c0ad41ffe55f#,2014-04-16T18:37Z
2805,2011,11dafeaa7533be26441a63618be93a03869c83a9,CRLF injection vulnerability in actionpack/lib/action_controller/response.rb in Ruby on Rails 2.3.x before 2.3.13 allows remote attackers to inject arbitrary HTTP headers and conduct HTTP response splitting attacks via the Content-Type header.,http://github.com/rails/rails/commit/11dafeaa7533be26441a63618be93a03869c83a9,2011-08-29T18:55Z
2807,2011,6e5714eaf77d79ae1c8b47e3e040ff5411b717ec,"The (1) IPv4 and (2) IPv6 implementations in the Linux kernel before 3.1 use a modified MD4 algorithm to generate sequence numbers and Fragment Identification values, which makes it easier for remote attackers to cause a denial of service (disrupted networking) or hijack network sessions by predicting these values and sending crafted packets.",http://github.com/torvalds/linux/commit/6e5714eaf77d79ae1c8b47e3e040ff5411b717ec,2012-05-24T23:55Z
2807,2011,bc0b96b54a21246e377122d54569eef71cec535f,"The (1) IPv4 and (2) IPv6 implementations in the Linux kernel before 3.1 use a modified MD4 algorithm to generate sequence numbers and Fragment Identification values, which makes it easier for remote attackers to cause a denial of service (disrupted networking) or hijack network sessions by predicting these values and sending crafted packets.",http://github.com/torvalds/linux/commit/bc0b96b54a21246e377122d54569eef71cec535f,2012-05-24T23:55Z
2810,2011,9438fabb73eb48055b58b89fc51e0bc4db22fabd,Integer signedness error in the CIFSFindNext function in fs/cifs/cifssmb.c in the Linux kernel before 3.1 allows remote CIFS servers to cause a denial of service (memory corruption) or possibly have unspecified other impact via a large length value in a response to a read request for a directory.,http://github.com/torvalds/linux/commit/9438fabb73eb48055b58b89fc51e0bc4db22fabd,2012-05-24T23:55Z
2826,2011,f8bd2258e2d520dff28c855658bd24bdafb5102d,The div_long_long_rem implementation in include/asm-x86/div64.h in the Linux kernel before 2.6.26 on the x86 platform allows local users to cause a denial of service (Divide Error Fault and panic) via a clock_gettime system call.,http://github.com/torvalds/linux/commit/f8bd2258e2d520dff28c855658bd24bdafb5102d,2012-10-03T11:02Z
2828,2011,46795ae451ca6ede55a0edeb726978aef4684b53,"The server in Bcfg2 1.1.2 and earlier, and 1.2 prerelease, allows remote attackers to execute arbitrary commands via shell metacharacters in data received from a client.",http://github.com/solj/bcfg2/commit/46795ae451ca6ede55a0edeb726978aef4684b53,2011-09-16T12:35Z
2828,2011,f4a35efec1b6a1e54d61cf1b8bfc83dd1d89eef7,"The server in Bcfg2 1.1.2 and earlier, and 1.2 prerelease, allows remote attackers to execute arbitrary commands via shell metacharacters in data received from a client.",http://github.com/solj/bcfg2/commit/f4a35efec1b6a1e54d61cf1b8bfc83dd1d89eef7,2011-09-16T12:35Z
2941,2011,103b40f51e4012b3b0ad20f615562a1806d7f49a,"Buffer overflow in hw/scsi-disk.c in the SCSI subsystem in QEMU before 0.15.2, as used by Xen, might allow local guest users with permission to access the CD-ROM to cause a denial of service (guest crash) via a crafted SAI READ CAPACITY SCSI command.  NOTE: this is only a vulnerability when root has manually modified certain permissions or ACLs.",http://github.com/bonzini/qemu/commit/103b40f51e4012b3b0ad20f615562a1806d7f49a,2014-04-01T06:35Z
2941,2011,7285477ab11831b1cf56e45878a89170dd06d9b9,"Buffer overflow in hw/scsi-disk.c in the SCSI subsystem in QEMU before 0.15.2, as used by Xen, might allow local guest users with permission to access the CD-ROM to cause a denial of service (guest crash) via a crafted SAI READ CAPACITY SCSI command.  NOTE: this is only a vulnerability when root has manually modified certain permissions or ACLs.",http://github.com/bonzini/qemu/commit/7285477ab11831b1cf56e45878a89170dd06d9b9,2014-04-01T06:35Z
2944,2011,c2183d1e9b3f313dd8ba2b1b0197c8d9fb86a7ae,Buffer overflow in the fuse_notify_inval_entry function in fs/fuse/dev.c in the Linux kernel before 3.1 allows local users to cause a denial of service (BUG_ON and system crash) by leveraging the ability to mount a FUSE filesystem.,http://github.com/torvalds/linux/commit/c2183d1e9b3f313dd8ba2b1b0197c8d9fb86a7ae,2012-05-24T23:55Z
2946,2011,d00745f5e267eba4ca34286d125de685bc3a8034,"Multiple cross-site scripting (XSS) vulnerabilities in config_defaults_inc.php in MantisBT before 1.2.8 allow remote attackers to inject arbitrary web script or HTML via the PATH_INFO, as demonstrated by the PATH_INFO to (1) manage_config_email_page.php, (2) manage_config_workflow_page.php, or (3) bugs/plugin.php.",http://github.com/mantisbt/mantisbt/commit/d00745f5e267eba4ca34286d125de685bc3a8034,2011-09-21T16:55Z
2947,2011,5b93161f3ece2f73410c296fed8522f6475d273d,"Directory traversal vulnerability in bug_actiongroup_ext_page.php in MantisBT before 1.2.8 allows remote attackers to include and execute arbitrary local files via a .. (dot dot) in the action parameter, related to bug_actiongroup_page.php.",http://github.com/mantisbt/mantisbt/commit/5b93161f3ece2f73410c296fed8522f6475d273d,2011-09-21T16:55Z
2947,2011,6ede60d3db9e202044f135001589cce941ff6f0f,"Directory traversal vulnerability in bug_actiongroup_ext_page.php in MantisBT before 1.2.8 allows remote attackers to include and execute arbitrary local files via a .. (dot dot) in the action parameter, related to bug_actiongroup_page.php.",http://github.com/mantisbt/mantisbt/commit/6ede60d3db9e202044f135001589cce941ff6f0f,2011-09-21T16:55Z
2948,2011,0a636b37d3425aea7b781e7f25eaeb164ac54a3d,"Multiple cross-site scripting (XSS) vulnerabilities in MantisBT before 1.2.8 allow remote attackers to inject arbitrary web script or HTML via the (1) os, (2) os_build, or (3) platform parameter to (a) bug_report_page.php or (b) bug_update_advanced_page.php, related to use of the Projax library.",http://github.com/mantisbt/mantisbt/commit/0a636b37d3425aea7b781e7f25eaeb164ac54a3d,2011-09-21T16:55Z
2949,2011,c85ce65ecac078ab1a1835c87c4a6319cf74660a,"The dma_rx function in drivers/net/wireless/b43/dma.c in the Linux kernel before 2.6.39 does not properly allocate receive buffers, which allows remote attackers to cause a denial of service (system crash) via a crafted frame.",http://github.com/torvalds/linux/commit/c85ce65ecac078ab1a1835c87c4a6319cf74660a,2012-05-24T23:55Z
2953,2011,70945643722ffeac779d2529a348f99567fa5c33,"The setup_cifs_sb function in fs/cifs/connect.c in the Linux kernel before 2.6.39 does not properly handle DFS referrals, which allows remote CIFS servers to cause a denial of service (system crash) by placing a referral at the root of a share.",http://github.com/torvalds/linux/commit/70945643722ffeac779d2529a348f99567fa5c33,2012-05-24T23:55Z
2960,2011,dd50a50a2760f10bd2d09814e30af4b36052ca6d,"Multiple cross-site scripting (XSS) vulnerabilities in include/functions.php in PunBB before 1.3.6 allow remote attackers to inject arbitrary web script or HTML via the (1) id, (2) form_sent, (3) csrf_token, (4) req_confirm, or (5) delete parameter to delete.php, the (6) id, (7) form_sent, (8) csrf_token, (9) req_message, or (10) submit parameter to edit.php, the (11) action, (12) form_sent, (13) csrf_token, (14) req_email, or (15) request_pass parameter to login.php, the (16) email, (17) form_sent, (18) redirect_url, (19) csrf_token, (20) req_subject, (21) req_message, or (22) submit parameter to misc.php, the (23) action, (24) id, (25) form_sent, (26) csrf_token, (27) req_old_password, (28) req_new_password1, (29) req_new_password2, or (30) update parameter to profile.php, or the (31) action, (32) form_sent, (33) csrf_token, (34) req_username, (35) req_password1, (36) req_password2, (37) req_email1, (38) timezone, or (39) register parameter to register.php.",http://github.com/punbb/punbb/commit/dd50a50a2760f10bd2d09814e30af4b36052ca6d,2011-10-02T20:55Z
3145,2011,5b93161f3ece2f73410c296fed8522f6475d273d,"Cross-site scripting (XSS) vulnerability in bug_actiongroup_ext_page.php in MantisBT before 1.2.8 allows remote attackers to inject arbitrary web script or HTML via the action parameter, related to bug_actiongroup_page.php, a different vulnerability than CVE-2011-3357.",http://github.com/mantisbt/mantisbt/commit/5b93161f3ece2f73410c296fed8522f6475d273d,2011-09-21T16:55Z
3145,2011,6ede60d3db9e202044f135001589cce941ff6f0f,"Cross-site scripting (XSS) vulnerability in bug_actiongroup_ext_page.php in MantisBT before 1.2.8 allows remote attackers to inject arbitrary web script or HTML via the action parameter, related to bug_actiongroup_page.php, a different vulnerability than CVE-2011-3357.",http://github.com/mantisbt/mantisbt/commit/6ede60d3db9e202044f135001589cce941ff6f0f,2011-09-21T16:55Z
3153,2011,bda213c58aec44925be661acb0e76c19483ea170,"Multiple cross-site scripting (XSS) vulnerabilities in phpMyAdmin 3.4.x before 3.4.5 allow remote authenticated users to inject arbitrary web script or HTML via a crafted row that triggers an improperly constructed confirmation message after inline-editing and save operations, related to (1) js/functions.js and (2) js/tbl_structure.js.",http://github.com/phpmyadmin/phpmyadmin/commit/bda213c58aec44925be661acb0e76c19483ea170,2014-12-26T02:59Z
3154,2011,2f28ce9c800274190418da0945ce3647d36e1db6,"Multiple cross-site scripting (XSS) vulnerabilities in the PMA_unInlineEditRow function in js/sql.js in phpMyAdmin 3.4.x before 3.4.5 allow remote authenticated users to inject arbitrary web script or HTML via a (1) database name, (2) table name, or (3) column name that is not properly handled after an inline-editing operation.",http://github.com/phpmyadmin/phpmyadmin/commit/2f28ce9c800274190418da0945ce3647d36e1db6,2014-12-26T02:59Z
3158,2011,1df248203de055f97e092b50b1dd9643ccb73842,"Multiple cross-site scripting (XSS) vulnerabilities in phpPgAdmin before 5.0.3 allow remote attackers to inject arbitrary web script or HTML via (1) a web page title, related to classes/Misc.php; or the (2) return_url or (3) return_desc parameter to display.php.",http://github.com/phppgadmin/phppgadmin/commit/1df248203de055f97e092b50b1dd9643ccb73842,2011-10-08T02:52Z
3161,2011,92e22ca23e52066da2258df8c76a2dca8a428bcc,"Directory traversal vulnerability in device-linux.c in the router advertisement daemon (radvd) before 1.8.2 allows local users to overwrite arbitrary files, and remote attackers to overwrite certain files, via a .. (dot dot) in an interface name.  NOTE: this can be leveraged with a symlink to overwrite arbitrary files.",http://github.com/reubenhwk/radvd/commit/92e22ca23e52066da2258df8c76a2dca8a428bcc,2014-04-27T21:55Z
3169,2011,a5b2c5b2ad5853591a6cac6134cd0f599a720865,"The apparmor_setprocattr function in security/apparmor/lsm.c in the Linux kernel before 3.0 does not properly handle invalid parameters, which allows local users to cause a denial of service (NULL pointer dereference and OOPS) or possibly have unspecified other impact by writing to a /proc/#####/attr/current file.",http://github.com/torvalds/linux/commit/a5b2c5b2ad5853591a6cac6134cd0f599a720865,2013-06-08T13:05Z
3180,2011,76597cd31470fa130784c78fadb4dab2e624a723,The m_stop function in fs/proc/task_mmu.c in the Linux kernel before 2.6.39 allows local users to cause a denial of service (OOPS) via vectors that trigger an m_start error.,http://github.com/torvalds/linux/commit/76597cd31470fa130784c78fadb4dab2e624a723,2012-05-17T11:00Z
3181,2011,667eff35a1f56fa74ce98a0c7c29a40adc1ba4e3,"fs/ext4/extents.c in the Linux kernel before 3.0 does not mark a modified extent as dirty in certain cases of extent splitting, which allows local users to cause a denial of service (system crash) via vectors involving ext4 umount and mount operations.",http://github.com/torvalds/linux/commit/667eff35a1f56fa74ce98a0c7c29a40adc1ba4e3,2013-03-01T12:37Z
3576,2011,bfdc0b497faa82a0ba2f9dddcf109231dd519fcc,"The sysrq_sysctl_handler function in kernel/sysctl.c in the Linux kernel before 2.6.39 does not require the CAP_SYS_ADMIN capability to modify the dmesg_restrict value, which allows local users to bypass intended access restrictions and read the kernel ring buffer by leveraging root privileges, as demonstrated by a root user in a Linux Containers (aka LXC) environment.",http://github.com/torvalds/linux/commit/bfdc0b497faa82a0ba2f9dddcf109231dd519fcc,2012-05-24T23:55Z
3577,2011,7ed47b7d142ec99ad6880bbbec51e9f12b3af74c,"crypto/ghash-generic.c in the Linux kernel before 3.1 allows local users to cause a denial of service (NULL pointer dereference and OOPS) or possibly have unspecified other impact by triggering a failed or missing ghash_setkey function call, followed by a (1) ghash_update function call or (2) ghash_final function call, as demonstrated by a write operation on an AF_ALG socket.",http://github.com/torvalds/linux/commit/7ed47b7d142ec99ad6880bbbec51e9f12b3af74c,2012-05-24T23:55Z
3581,2011,15291164b22a357cb211b618adfef4fa82fc0de3,"The journal_unmap_buffer function in fs/jbd2/transaction.c in the Linux kernel before 3.3.1 does not properly handle the _Delay and _Unwritten buffer head states, which allows local users to cause a denial of service (system crash) by leveraging the presence of an ext4 filesystem that was mounted with a journal.",http://github.com/torvalds/linux/commit/15291164b22a357cb211b618adfef4fa82fc0de3,2012-07-03T16:40Z
3582,2011,f8e9881c2aef1e982e5abc25c046820cd0b7cf64,"The br_parse_ip_options function in net/bridge/br_netfilter.c in the Linux kernel before 2.6.39 does not properly initialize a certain data structure, which allows remote attackers to cause a denial of service by leveraging connectivity to a network interface that uses an Ethernet bridge device.",http://github.com/torvalds/linux/commit/f8e9881c2aef1e982e5abc25c046820cd0b7cf64,2013-06-08T13:05Z
3588,2011,56c6a8a4aadca809e04276eabe5552935c51387f,Integer overflow in the oom_badness function in mm/oom_kill.c in the Linux kernel before 3.1.8 on 64-bit platforms allows local users to cause a denial of service (memory consumption or process termination) by using a certain large amount of memory.,http://github.com/torvalds/linux/commit/56c6a8a4aadca809e04276eabe5552935c51387f,2012-05-17T11:00Z
3589,2011,64dd153c83743af81f20924c6343652d731eeecb,"The fallocate implementation in the GFS2 filesystem in the Linux kernel before 3.2 relies on the page cache, which might allow local users to cause a denial of service by preallocating blocks in certain situations involving insufficient memory.",http://github.com/torvalds/linux/commit/64dd153c83743af81f20924c6343652d731eeecb,2013-06-08T13:05Z
3595,2011,e8af315211b07c8f48f32a063233cc3f76dd5bc2,"The from_yaml method in serializers.py in Django Tastypie before 0.9.10 does not properly deserialize YAML data, which allows remote attackers to execute arbitrary Python code via vectors related to the yaml.load method.",http://github.com/toastdriven/django-tastypie/commit/e8af315211b07c8f48f32a063233cc3f76dd5bc2,2014-10-27T01:55Z
3603,2011,550fd08c2cebad61c548def135f67aba284c6162,"The net subsystem in the Linux kernel before 3.1 does not properly restrict use of the IFF_TX_SKB_SHARING flag, which allows local users to cause a denial of service (panic) by leveraging the CAP_NET_ADMIN capability to access /proc/net/pktgen/pgctrl, and then using the pktgen package in conjunction with a bridge device for a VLAN interface.",http://github.com/torvalds/linux/commit/550fd08c2cebad61c548def135f67aba284c6162,2012-05-17T11:00Z
3609,2011,0bfc96cb77224736dfa35c3c555d37b3646ef35e,"The Linux kernel before 3.2.2 does not properly restrict SG_IO ioctl calls, which allows local users to bypass intended restrictions on disk read and write operations by sending a SCSI command to (1) a partition block device or (2) an LVM volume.",http://github.com/torvalds/linux/commit/0bfc96cb77224736dfa35c3c555d37b3646ef35e,2012-07-03T16:40Z
3609,2011,ec8013beddd717d1740cfefb1a9b900deef85462,"The Linux kernel before 3.2.2 does not properly restrict SG_IO ioctl calls, which allows local users to bypass intended restrictions on disk read and write operations by sending a SCSI command to (1) a partition block device or (2) an LVM volume.",http://github.com/torvalds/linux/commit/ec8013beddd717d1740cfefb1a9b900deef85462,2012-07-03T16:40Z
3613,2011,bf118a342f10dafe44b14451a1392c3254629a1f,"The NFSv4 implementation in the Linux kernel before 3.2.2 does not properly handle bitmap sizes in GETACL replies, which allows remote NFS servers to cause a denial of service (OOPS) by sending an excessive number of bitmap words.",http://github.com/torvalds/linux/commit/bf118a342f10dafe44b14451a1392c3254629a1f,2012-05-17T11:00Z
3654,2011,5281e4bff9df31f1f91e22a0d1e9086b93b23d7e,A vulnerability in open build service allows remote attackers to gain access to source files even though source access is disabled. Affected releases are SUSE open build service up to and including version 2.1.15 (for 2.1) and before version 2.3.,http://github.com/openSUSE/open-build-service/commit/5281e4bff9df31f1f91e22a0d1e9086b93b23d7e,2018-06-11T15:29Z
3656,2011,5281e4bff9df31f1f91e22a0d1e9086b93b23d7e,A vulnerability in open build service allows remote attackers to upload arbitrary RPM files. Affected releases are SUSE open build service prior to 2.1.16.,http://github.com/openSUSE/open-build-service/commit/5281e4bff9df31f1f91e22a0d1e9086b93b23d7e,2018-06-13T13:29Z
3667,2011,88bf491d16942766016c606e4210b4e072c1019f,"kiwi before 4.98.05, as used in SUSE Studio Onsite 1.2 before 1.2.1 and SUSE Studio Extension for System z 1.2 before 1.2.1, allows attackers to execute arbitrary commands via shell metacharacters in an image name.",http://github.com/openSUSE/kiwi/commit/88bf491d16942766016c606e4210b4e072c1019f,2014-04-16T18:37Z
3668,2011,1379d66f11aaf72982a70287b83e24efcd18898e,"etc/inc/certs.inc in the PKI implementation in pfSense before 2.0.1 creates each X.509 certificate with a true value for the CA basic constraint, which allows remote attackers to create sub-certificates for arbitrary subjects by leveraging the private key.",http://github.com/bsdperimeter/pfsense/commit/1379d66f11aaf72982a70287b83e24efcd18898e,2012-01-03T19:55Z
3668,2011,87b4deb2b2dae9013e6aa0fe490d6a5a04a27894,"etc/inc/certs.inc in the PKI implementation in pfSense before 2.0.1 creates each X.509 certificate with a true value for the CA basic constraint, which allows remote attackers to create sub-certificates for arbitrary subjects by leveraging the private key.",http://github.com/bsdperimeter/pfsense/commit/87b4deb2b2dae9013e6aa0fe490d6a5a04a27894,2012-01-03T19:55Z
3755,2011,7a0a9d94555502278534dedcf2d75e9fccce8c3d,Multiple cross-site scripting (XSS) vulnerabilities in the commenting system in Review Board before 1.5.7 and 1.6.x before 1.6.3 allow remote attackers to inject arbitrary web script or HTML via vectors involving the (1) diff viewer or (2) screenshot component.,http://github.com/reviewboard/reviewboard/commit/7a0a9d94555502278534dedcf2d75e9fccce8c3d,2011-11-24T04:01Z
3766,2011,dc0b027dfadfcb8a5504f7d8052754bf8d501ab9,The encode_share_access function in fs/nfs/nfs4xdr.c in the Linux kernel before 2.6.29 allows local users to cause a denial of service (BUG and system crash) by using the mknod system call with a pathname on an NFSv4 filesystem.,http://github.com/torvalds/linux/commit/dc0b027dfadfcb8a5504f7d8052754bf8d501ab9,2012-06-21T23:55Z
3768,2011,a9cf73ea7ff78f52662c8658d93c226effbbedde,"The udp6_ufo_fragment function in net/ipv6/udp.c in the Linux kernel before 2.6.39, when a certain UDP Fragmentation Offload (UFO) configuration is enabled, allows remote attackers to cause a denial of service (system crash) by sending fragmented IPv6 UDP packets to a bridge device.",http://github.com/torvalds/linux/commit/a9cf73ea7ff78f52662c8658d93c226effbbedde,2012-05-17T11:00Z
3771,2011,762f98ab4137749d0993612b4e3544a4207e78a1,"Multiple cross-site scripting (XSS) vulnerabilities in Dolibarr 3.1.0 allow remote attackers to inject arbitrary web script or HTML via (1) the username parameter in a setup action to admin/company.php, or the PATH_INFO to (2) admin/security_other.php, (3) admin/events.php, or (4) admin/user.php.",http://github.com/Dolibarr/dolibarr/commit/762f98ab4137749d0993612b4e3544a4207e78a1,2011-11-28T11:55Z
3781,2011,476e4926e2773588eab10dd3036f27e1411521b5,Multiple SQL injection vulnerabilities in symphony/content/content.publish.php in Symphony CMS 2.2.3 and possibly other versions before 2.2.4 allow remote authenticated users with Author permissions to execute arbitrary SQL commands via the filter parameter to (1) symphony/publish/comments or (2) symphony/publish/images.  NOTE: this issue can be leveraged to perform cross-site scripting (XSS) attacks via error messages.  NOTE: some of these details are obtained from third party information.,http://github.com/symphonycms/symphony-2/commit/476e4926e2773588eab10dd3036f27e1411521b5,2012-02-12T22:55Z
3784,2011,410ed3001d51c689cf59085b7417466caa2ded7b,"Cross-site scripting (XSS) vulnerability in Jenkins Core in Jenkins before 1.438, and 1.409 LTS before 1.409.3 LTS, when a stand-alone container is used, allows remote attackers to inject arbitrary web script or HTML via vectors related to error messages.",http://github.com/jenkinsci/winstone/commit/410ed3001d51c689cf59085b7417466caa2ded7b.patch,2011-12-01T11:55Z
3787,2011,c4e7f9022e506c6635a5037713c37118e23193e4,"The kvm_vm_ioctl_assign_device function in virt/kvm/assigned-dev.c in the KVM subsystem in the Linux kernel before 3.1.10 does not verify permission to access PCI configuration space and BAR resources, which allows host OS users to assign PCI devices and cause a denial of service (host OS crash) via a KVM_ASSIGN_PCI_DEVICE operation.",http://github.com/torvalds/linux/commit/c4e7f9022e506c6635a5037713c37118e23193e4,2013-06-08T13:05Z
3788,2011,ae53b5bd77719fed58086c5be60ce4f22bffe1c6,"Race condition in the sctp_rcv function in net/sctp/input.c in the Linux kernel before 2.6.29 allows remote attackers to cause a denial of service (system hang) via SCTP packets.  NOTE: in some environments, this issue exists because of an incomplete fix for CVE-2011-2482.",http://github.com/torvalds/linux/commit/ae53b5bd77719fed58086c5be60ce4f22bffe1c6,2013-06-08T13:05Z
3982,2011,bc909d9ddbf7778371e36a651d6e4194b1cc7d4c,"The __sys_sendmsg function in net/socket.c in the Linux kernel before 3.1 allows local users to cause a denial of service (system crash) via crafted use of the sendmmsg system call, leading to an incorrect pointer dereference.",http://github.com/torvalds/linux/commit/bc909d9ddbf7778371e36a651d6e4194b1cc7d4c,2012-05-17T11:00Z
3983,2011,76363226bd8533256f7795bba358d7f4b8a6c9e6,"Multiple directory traversal vulnerabilities in OpenStack Nova before 2011.3.1, when the EC2 API and the S3/RegisterImage image-registration method are enabled, allow remote authenticated users to overwrite arbitrary files via a crafted (1) tarball or (2) manifest.",http://github.com/openstack/nova/commit/76363226bd8533256f7795bba358d7f4b8a6c9e6,2011-12-23T22:55Z
3983,2011,ad3241929ea00569c74505ed002208ce360c667e,"Multiple directory traversal vulnerabilities in OpenStack Nova before 2011.3.1, when the EC2 API and the S3/RegisterImage image-registration method are enabled, allow remote authenticated users to overwrite arbitrary files via a crafted (1) tarball or (2) manifest.",http://github.com/openstack/nova/commit/ad3241929ea00569c74505ed002208ce360c667e,2011-12-23T22:55Z
3991,2011,b5a1eeef04cc7859f34dec9b72ea1b28e4aba07c,The bat_socket_read function in net/batman-adv/icmp_socket.c in the Linux kernel before 3.3 allows remote attackers to cause a denial of service (memory corruption) or possibly have unspecified other impact via a crafted batman-adv ICMP packet.,http://github.com/torvalds/linux/commit/b5a1eeef04cc7859f34dec9b72ea1b28e4aba07c,2013-06-07T14:03Z
3998,2011,0837e3242c73566fc1c0196b4ec61779c25ffc93,Integer overflow in the perf_event_interrupt function in arch/powerpc/kernel/perf_event.c in the Linux kernel before 2.6.39 on powerpc platforms allows local users to cause a denial of service (unhandled performance monitor exception) via vectors that trigger certain outcomes of performance events.,http://github.com/torvalds/linux/commit/0837e3242c73566fc1c0196b4ec61779c25ffc93,2012-05-17T11:00Z
4008,2011,f26f9aff6aaf67e9a430d16c266f91b13a5bff64,"The Linux kernel before 2.6.37 does not properly implement a certain clock-update optimization, which allows local users to cause a denial of service (system hang) via an application that executes code in a loop.",http://github.com/torvalds/linux/commit/f26f9aff6aaf67e9a430d16c266f91b13a5bff64,2012-05-17T11:00Z
4151,2011,63820ab37537fdff842539425b2bf2881f0d8e91,"Multiple SQL injection vulnerabilities in Dolibarr 3.1.0 RC and probably earlier allow remote authenticated users to execute arbitrary SQL commands via the (1) sortfield, (2) sortorder, and (3) sall parameters to user/index.php and (b) user/group/index.php; the id parameter to (4) info.php, (5) perms.php, (6) param_ihm.php, (7) note.php, and (8) fiche.php in user/; and (9) rowid parameter to admin/boxes.php.",http://github.com/Dolibarr/dolibarr/commit/63820ab37537fdff842539425b2bf2881f0d8e91,2011-12-14T00:55Z
4151,2011,762f98ab4137749d0993612b4e3544a4207e78a1,"Multiple SQL injection vulnerabilities in Dolibarr 3.1.0 RC and probably earlier allow remote authenticated users to execute arbitrary SQL commands via the (1) sortfield, (2) sortorder, and (3) sall parameters to user/index.php and (b) user/group/index.php; the id parameter to (4) info.php, (5) perms.php, (6) param_ihm.php, (7) note.php, and (8) fiche.php in user/; and (9) rowid parameter to admin/boxes.php.",http://github.com/Dolibarr/dolibarr/commit/762f98ab4137749d0993612b4e3544a4207e78a1,2011-12-14T00:55Z
4151,2011,c539155d6ac2f5b6ea75b87a16f298c0090e535a,"Multiple SQL injection vulnerabilities in Dolibarr 3.1.0 RC and probably earlier allow remote authenticated users to execute arbitrary SQL commands via the (1) sortfield, (2) sortorder, and (3) sall parameters to user/index.php and (b) user/group/index.php; the id parameter to (4) info.php, (5) perms.php, (6) param_ihm.php, (7) note.php, and (8) fiche.php in user/; and (9) rowid parameter to admin/boxes.php.",http://github.com/Dolibarr/dolibarr/commit/c539155d6ac2f5b6ea75b87a16f298c0090e535a,2011-12-14T00:55Z
4151,2011,d08d28c0cda1f762a47cc205d4363de03df16675,"Multiple SQL injection vulnerabilities in Dolibarr 3.1.0 RC and probably earlier allow remote authenticated users to execute arbitrary SQL commands via the (1) sortfield, (2) sortorder, and (3) sall parameters to user/index.php and (b) user/group/index.php; the id parameter to (4) info.php, (5) perms.php, (6) param_ihm.php, (7) note.php, and (8) fiche.php in user/; and (9) rowid parameter to admin/boxes.php.",http://github.com/Dolibarr/dolibarr/commit/d08d28c0cda1f762a47cc205d4363de03df16675,2011-12-14T00:55Z
4163,2011,63820ab37537fdff842539425b2bf2881f0d8e91,"Multiple cross-site scripting (XSS) vulnerabilities in Dolibarr 3.1.0 RC and probably earlier allow remote attackers to inject arbitrary web script or HTML via the PATH_INFO to (1) index.php, (2) admin/boxes.php, (3) comm/clients.php, (4) commande/index.php; and the optioncss parameter to (5) admin/ihm.php and (6) user/home.php.",http://github.com/Dolibarr/dolibarr/commit/63820ab37537fdff842539425b2bf2881f0d8e91,2011-12-14T00:55Z
4163,2011,762f98ab4137749d0993612b4e3544a4207e78a1,"Multiple cross-site scripting (XSS) vulnerabilities in Dolibarr 3.1.0 RC and probably earlier allow remote attackers to inject arbitrary web script or HTML via the PATH_INFO to (1) index.php, (2) admin/boxes.php, (3) comm/clients.php, (4) commande/index.php; and the optioncss parameter to (5) admin/ihm.php and (6) user/home.php.",http://github.com/Dolibarr/dolibarr/commit/762f98ab4137749d0993612b4e3544a4207e78a1,2011-12-14T00:55Z
4163,2011,c539155d6ac2f5b6ea75b87a16f298c0090e535a,"Multiple cross-site scripting (XSS) vulnerabilities in Dolibarr 3.1.0 RC and probably earlier allow remote attackers to inject arbitrary web script or HTML via the PATH_INFO to (1) index.php, (2) admin/boxes.php, (3) comm/clients.php, (4) commande/index.php; and the optioncss parameter to (5) admin/ihm.php and (6) user/home.php.",http://github.com/Dolibarr/dolibarr/commit/c539155d6ac2f5b6ea75b87a16f298c0090e535a,2011-12-14T00:55Z
4163,2011,d08d28c0cda1f762a47cc205d4363de03df16675,"Multiple cross-site scripting (XSS) vulnerabilities in Dolibarr 3.1.0 RC and probably earlier allow remote attackers to inject arbitrary web script or HTML via the PATH_INFO to (1) index.php, (2) admin/boxes.php, (3) comm/clients.php, (4) commande/index.php; and the optioncss parameter to (5) admin/ihm.php and (6) user/home.php.",http://github.com/Dolibarr/dolibarr/commit/d08d28c0cda1f762a47cc205d4363de03df16675,2011-12-14T00:55Z
4241,2011,be20250c13f88375345ad99950190685eda51eb8,"The rose_parse_ccitt function in net/rose/rose_subr.c in the Linux kernel before 2.6.39 does not validate the FAC_CCITT_DEST_NSAP and FAC_CCITT_SRC_NSAP fields, which allows remote attackers to (1) cause a denial of service (integer underflow, heap memory corruption, and panic) via a small length value in data sent to a ROSE socket, or (2) conduct stack-based buffer overflow attacks via a large length value in data sent to a ROSE socket.",http://github.com/torvalds/linux/commit/be20250c13f88375345ad99950190685eda51eb8,2012-06-21T23:55Z
4242,2011,e0bccd315db0c2f919e7fcf9cb60db21d9986f52,"The ROSE protocol implementation in the Linux kernel before 2.6.39 does not verify that certain data-length values are consistent with the amount of data sent, which might allow remote attackers to obtain sensitive information from kernel memory or cause a denial of service (out-of-bounds read) via crafted data to a ROSE socket.",http://github.com/torvalds/linux/commit/e0bccd315db0c2f919e7fcf9cb60db21d9986f52,2012-06-21T23:55Z
4275,2011,16c3235,"Cross-site scripting (XSS) vulnerability in the process function in SSViewer.php in SilverStripe before 2.3.13 and 2.4.x before 2.4.6 allows remote attackers to inject arbitrary web script or HTML via the QUERY_STRING to template placeholders, as demonstrated by a request to (1) admin/reports/, (2) admin/comments/, (3) admin/, (4) admin/show/, (5) admin/assets/, and (6) admin/security/.",http://github.com/silverstripe/sapphire/commit/16c3235,2014-04-08T14:22Z
4275,2011,52a895f,"Cross-site scripting (XSS) vulnerability in the process function in SSViewer.php in SilverStripe before 2.3.13 and 2.4.x before 2.4.6 allows remote attackers to inject arbitrary web script or HTML via the QUERY_STRING to template placeholders, as demonstrated by a request to (1) admin/reports/, (2) admin/comments/, (3) admin/, (4) admin/show/, (5) admin/assets/, and (6) admin/security/.",http://github.com/silverstripe/sapphire/commit/52a895f,2014-04-08T14:22Z
4275,2011,bdd6391,"Cross-site scripting (XSS) vulnerability in the process function in SSViewer.php in SilverStripe before 2.3.13 and 2.4.x before 2.4.6 allows remote attackers to inject arbitrary web script or HTML via the QUERY_STRING to template placeholders, as demonstrated by a request to (1) admin/reports/, (2) admin/comments/, (3) admin/, (4) admin/show/, (5) admin/assets/, and (6) admin/security/.",http://github.com/silverstripe/sapphire/commit/bdd6391,2014-04-08T14:22Z
4276,2011,73cca09,"SQL injection vulnerability in the addslashes method in SilverStripe 2.3.x before 2.3.12 and 2.4.x before 2.4.6, when connected to a MySQL database using far east character encodings, allows remote attackers to execute arbitrary SQL commands via unspecified vectors.",http://github.com/silverstripe/sapphire/commit/73cca09,2012-09-17T17:55Z
4276,2011,ca78784,"SQL injection vulnerability in the addslashes method in SilverStripe 2.3.x before 2.3.12 and 2.4.x before 2.4.6, when connected to a MySQL database using far east character encodings, allows remote attackers to execute arbitrary SQL commands via unspecified vectors.",http://github.com/silverstripe/sapphire/commit/ca78784,2012-09-17T17:55Z
4276,2011,b5ea2f6,"SQL injection vulnerability in the addslashes method in SilverStripe 2.3.x before 2.3.12 and 2.4.x before 2.4.6, when connected to a MySQL database using far east character encodings, allows remote attackers to execute arbitrary SQL commands via unspecified vectors.",http://github.com/silverstripe/silverstripe-cms/commit/b5ea2f6,2012-09-17T17:55Z
4277,2011,fef7c32,SQL injection vulnerability in the Folder::findOrMake method in SilverStripe 2.3.x before 2.3.12 and 2.4.x before 2.4.6 allows remote attackers to execute arbitrary SQL commands via unspecified vectors.,http://github.com/silverstripe/sapphire/commit/fef7c32,2012-09-17T17:55Z
4278,2011,de1f070,SilverStripe 2.3.x before 2.3.12 and 2.4.x before 2.4.6 allows remote authenticated users with the EDIT_PERMISSIONS permission to gain administrator privileges via a TreeMultiselectField that includes admin groups when adding a user to the selected groups.,http://github.com/silverstripe/sapphire/commit/de1f070,2012-09-17T17:55Z
4279,2011,d15e850,"code/sitefeatures/PageCommentInterface.php in SilverStripe 2.4.x before 2.4.6 might allow remote attackers to execute arbitrary code via a crafted cookie in a user comment submission, which is not properly handled when it is deserialized.",http://github.com/silverstripe/silverstripe-cms/commit/d15e850,2012-09-17T17:55Z
4283,2011,1b1ec5ce75e224bd1755650c18ccdaa6dc53e605,"modules/rlm_unix/rlm_unix.c in FreeRADIUS before 2.2.0, when unix mode is enabled for user authentication, does not properly check the password expiration in /etc/shadow, which allows remote authenticated users to authenticate using an expired password.",http://github.com/alandekok/freeradius-server/commit/1b1ec5ce75e224bd1755650c18ccdaa6dc53e605,2013-03-12T23:55Z
4284,2011,db9e023e62c1ff5d8f21ed9868ab6878da2005e9,"Cross-site scripting (XSS) vulnerability in jQuery before 1.6.3, when using location.hash to select elements, allows remote attackers to inject arbitrary web script or HTML via a crafted tag.",http://github.com/jquery/jquery/commit/db9e023e62c1ff5d8f21ed9868ab6878da2005e9,2013-03-08T22:55Z
4399,2011,a4ea6edab2fecb922f999cffb0daa04eeeec7a26,"chef-server-api/app/controllers/cookbooks.rb in Chef Server in Chef before 0.9.18, and 0.10.x before 0.10.2, does not require administrative privileges for the update and destroy methods, which allows remote authenticated users to (1) upload cookbooks via a knife cookbook upload command or (2) delete cookbooks via a knife cookbook delete command.",http://github.com/opscode/chef/commit/a4ea6edab2fecb922f999cffb0daa04eeeec7a26,2012-08-08T10:26Z
4400,2011,33f0e9c58bbf047e1b401a834f3abfe72d9a8947,"chef-server-api/app/controllers/clients.rb in Chef Server in Chef before 0.9.20, and 0.10.x before 0.10.6, does not require administrative privileges for creating admin clients, which allows remote authenticated users to bypass intended access restrictions by leveraging read permission for the validation key and executing a knife client create command with the --admin option.",http://github.com/opscode/chef/commit/33f0e9c58bbf047e1b401a834f3abfe72d9a8947,2012-08-08T10:26Z
4615,2011,c290f8358acaeffd8e0c551ddcc24d1206143376,"The tty_open function in drivers/tty/tty_io.c in the Linux kernel before 3.1.1 mishandles a driver-lookup failure, which allows local users to cause a denial of service (NULL pointer dereference and system crash) or possibly have unspecified other impact via crafted access to a device file under the /dev/pts directory.",http://github.com/torvalds/linux/commit/c290f8358acaeffd8e0c551ddcc24d1206143376,2016-05-02T10:59Z
4621,2011,12f09ccb4612734a53e47ed5302e0479c10a50f8,"In the Linux kernel before 3.1, an off by one in the drivers/target/loopback/tcm_loop.c tcm_loop_make_naa_tpg() function could result in at least memory corruption.",http://github.com/torvalds/linux/commit/12f09ccb4612734a53e47ed5302e0479c10a50f8,2019-07-27T22:15Z
